{
  "Albania": [
    "Durres",
    "Sarande",
    "Shengjin",
    "Valona",
    "Vlore"
  ],
  "Algeria": [
    "Alger",
    "Algeria",
    "Annaba",
    "Arzew",
    "Bejaia",
    "Benisaf",
    "Beni Saf",
    "Cherchell",
    "Collo",
    "Dellys",
    "Djen-Djen",
    "Ghazaouet",
    "Jijel",
    "Mestghanem",
    "Mostaganem",
    "Oran",
    "Skikda",
    "Tenes"
  ],
  "American_samoa": [
    "Pago Pago"
  ],
  "Angola": [
    "Ambriz",
    "Cabinda",
    "Essungo Marine Terminal",
    "Lobito",
    "Luanda",
    "Malongo Terminal",
    "Mocamedes",
    "Palanca Terminal",
    "Porto Amboim",
    "Soyo",
    "Sumbe",
    "Takula Terminal"
  ],
  "Antigua_and_barbuda": [
    "St. Johns"
  ],
  "Argentina": [
    "Atucha",
    "Bahia Blanca",
    "Buenos Aires",
    "Campana",
    "Comodoro Rivadacomod",
    "Concepcion",
    "Deseado",
    "Diamante",
    "Ensenada",
    "Ibicuy",
    "La Plata",
    "Mar del Plata",
    "Puerto Deseado",
    "Puerto Madryn",
    "Puerto Parana",
    "Punta Colorada",
    "Punta Loyola",
    "Quequen",
    "Ramallo",
    "Rio Gallegos",
    "Rio Grande",
    "Rosario",
    "San Antonio Este",
    "San Julian",
    "San Lorenzo",
    "San Nicolas",
    "San Sebastian Bay",
    "Santa Cruz",
    "Santa Fe",
    "Ushuaia",
    "Villa Constitucvilla",
    "Zarate"
  ],
  "Aruba": [
    "Aruba",
    "Barcadera",
    "Oranjestad",
    "San Nicolas"
  ],
  "Australia": [
    "Abbot Point",
    "Adelaide",
    "Airlie Island",
    "Albany",
    "Ardrossan",
    "Ballast Head",
    "Barrow Island",
    "Bell Bay",
    "Bing Bong",
    "Botany Bay",
    "Brisbane",
    "Broome",
    "Bunbury",
    "Bundaberg",
    "Burnie",
    "Cairns",
    "Cape Cuvier",
    "Cape Flattery",
    "Carnarvon",
    "Challis Venture Terminal",
    "Cossack Pioneer Terminal",
    "Dampier",
    "Darwin",
    "Darwin (Nt)",
    "Devonport",
    "Eden",
    "Esperance",
    "Exmouth",
    "Fremantle",
    "Geelong",
    "Gladstone",
    "Gove",
    "Griffin Venture Terminal",
    "Groote Eylandt",
    "Hastings",
    "Hay Point",
    "Hobart",
    "Jabiru Marine Terminal",
    "Karumba",
    "Kingscote",
    "Kingston",
    "Klein Point",
    "Kwinana",
    "Launceston",
    "Longreach Tasmanian",
    "Lucinda",
    "Mackay",
    "Maryborough",
    "Melbourne",
    "Milner Bay",
    "Mourilyan",
    "Newcastle",
    "Perth",
    "Port Alma",
    "Port Bonython",
    "Port Giles",
    "Port Hedland",
    "Port Huon",
    "Port Kembla",
    "Portland",
    "Port Latta",
    "Port Lincoln",
    "Port Pirie",
    "Port Stanvac",
    "Port Walcott",
    "Saladin Marine Terminal",
    "Spring Bay",
    "Stanley",
    "Strahan",
    "Sydney",
    "Thevenard",
    "Thursday Island",
    "Torres Strait",
    "Townsville",
    "Useless Loop",
    "Varanus Island Terminal",
    "Wallaroo",
    "Weipa",
    "Whyalla",
    "Wyndham",
    "Yamba"
  ],
  "Austria": [
    "Vienna",
    "Wels"
  ],
  "Azerbaijan": [
    "Baku"
  ],
  "Bahamas": [
    "Freeport",
    "Inagua Islands",
    "Nassau",
    "Ocean Cay",
    "South Riding Point"
  ],
  "Bahrain": [
    "Bahrain",
    "Mina Sulman",
    "Sitra"
  ],
  "Bangladesh": [
    "Chalna",
    "Chittagong",
    "Dhaka",
    "Mongla"
  ],
  "Barbados": [
    "Bridgetown"
  ],
  "Belarus": [
    "Brest"
  ],
  "Belgium": [
    "Antwerpen",
    "Brussels",
    "Ghent",
    "Hemiksem",
    "Liege",
    "Londerzeel",
    "Nieuwpoort",
    "Ostend",
    "Zeebgrugge"
  ],
  "Belize": [
    "Belize",
    "Belize City"
  ],
  "Benin": [
    "Cotonou",
    "Seme Terminal"
  ],
  "Bermuda": [
    "Freeport",
    "Hamilton",
    "St George's"
  ],
  "Brazil": [
    "Alumar",
    "Angra dos Reis",
    "Aracaju",
    "Aracati",
    "Aratu",
    "Areia Branca",
    "Barao De Teffe",
    "Belem",
    "Cabedello",
    "Corumba",
    "Forno",
    "Fortaleza",
    "Gebig",
    "Ilheus",
    "Imbituba",
    "Itajai",
    "Itapoa",
    "Itaqui",
    "Joao Pessoa",
    "Macapa",
    "Maceio",
    "Manaus",
    "Munguba",
    "Natal",
    "Navegantes",
    "Niteroi",
    "Obidos",
    "Paranagua",
    "Pecem",
    "Pelotas",
    "Ponta Ubu",
    "Porto Alegre",
    "Portocel",
    "Praia Mole",
    "Recife",
    "Rio De Jan Eiro",
    "Rio Grande",
    "Salvador",
    "Santana",
    "Santarem",
    "Santos",
    "Sao Francisco",
    "Sao Sebastiao",
    "Sepetiba",
    "Suape",
    "Tramandai",
    "Trombetas",
    "Tubarao",
    "Vila do Conde",
    "Vitoria"
  ],
  "British_virgin_islands": [
    "Tortola"
  ],
  "Brunei": [
    "Kuala Belait",
    "Lumut",
    "Muara",
    "Muara Harbour",
    "Seria",
    "Tanjong Salirontanjo"
  ],
  "Bulgaria": [
    "Balchik",
    "Burgas",
    "Kavarna",
    "Nessebar",
    "Sofia",
    "Varna"
  ],
  "Cambodia": [
    "Kompong Som",
    "Phnom Penh",
    "Sihanoukville"
  ],
  "Cameroon": [
    "Douala",
    "Garoua",
    "Kole Terminal",
    "Kribi",
    "Limboh Terminal",
    "Moudi Terminal",
    "Tiko",
    "Victoria"
  ],
  "Canada": [
    "Aklavik",
    "Amherst",
    "Amherstburg",
    "Argentia",
    "Arichat",
    "Baddeck",
    "Baie Comeau",
    "Baie Verte",
    "Bathurst",
    "Bay Roberts",
    "Bayside",
    "Beaver Harbour",
    "Becancour",
    "Bella Coola",
    "Belledune",
    "Blanc-Sablon",
    "Botwood",
    "Brandon",
    "Bridgewater",
    "Brooks",
    "Burgeo",
    "Burin",
    "Calgary",
    "Cambridge Bay",
    "Campbell River",
    "Campbellton",
    "Canso",
    "Cap-aux-Meules",
    "Caraquet",
    "Carbonear",
    "Carleton",
    "Carmanville",
    "Catalina",
    "Centerm",
    "Chandler",
    "Charlottetown",
    "Chatham",
    "Chemainus",
    "Chicoutimi",
    "Churchill",
    "Clarenville",
    "Clarkson",
    "Cobourg",
    "Collingwood",
    "Come By Chance",
    "Comox",
    "Concord",
    "Corner Brook",
    "Cornwall",
    "Country Harbour",
    "Cowichan Bay",
    "Crofton",
    "Dalhousie",
    "Dartmouth",
    "Digby",
    "Dingwall",
    "Don Mills",
    "Duncan Bay",
    "Edmonton",
    "Esquimalt",
    "Fraser Port",
    "Fraser Surrey Docks",
    "Gaspe",
    "Georgetown",
    "Godbout",
    "Goderich",
    "Gold River",
    "Goose Bay",
    "Grand Bank",
    "Grande Anse",
    "Gros Cacouna",
    "Halifax",
    "Hamilton",
    "Hantsport",
    "Harbour Breton",
    "Harbour Grace",
    "Harmac",
    "Havre St.Pierrehavre",
    "High River",
    "Holyrood",
    "Hull",
    "Iona",
    "Iqaluit",
    "Kingston",
    "Kingsville",
    "Kitimat",
    "La Have",
    "Lewisporte",
    "Little Narrows",
    "Liverpool",
    "Lockeport",
    "Long Harbour",
    "Long Pond",
    "Louisbourg",
    "Lunenburg",
    "Main Brook",
    "Mandeville",
    "Marathon",
    "Marystown",
    "Matane",
    "Medicine Hat",
    "Meteghan",
    "Michipicoten Harbour",
    "Midland",
    "Mississauga",
    "Montague",
    "Montreal",
    "Mulgrave",
    "Nanaimo",
    "Nanisivik",
    "Natashquan",
    "Newcastle",
    "New Glasgow",
    "New Richmond",
    "North Sydney",
    "Oakville",
    "Ocean Falls",
    "Oshawa",
    "Owen Sound",
    "Parrsboro",
    "Parry Sound",
    "Paspebiac",
    "Penticton",
    "Pictou",
    "Pointe-au-Pic",
    "Pointe Noire",
    "Point Tupper",
    "Port Alfred",
    "Port Alice",
    "Port Aux Barqueport",
    "Port aux Basques",
    "Port Cartier",
    "Port Hardy",
    "Port Hawkesbury",
    "Port Hope",
    "Port Medway",
    "Port Mellon",
    "Portneuf",
    "Port Stanley",
    "Port Weller",
    "Powell River",
    "Prescott",
    "Prince Albert",
    "Prince Rupert",
    "Pugwash",
    "Quebec",
    "Red Lake",
    "Richibucto",
    "Rimouski",
    "Riverport",
    "Roberts Bank",
    "Saguenay",
    "St John's",
    "Sarnia",
    "Saskatoon",
    "Saulte Ste Marie",
    "Sept-Iles",
    "Shediac",
    "Sheet Harbour",
    "Shelburne",
    "Sherbrooke",
    "Shippegan",
    "Sorel",
    "Souris",
    "Spragge",
    "Springdale",
    "Squamish",
    "St Anthony",
    "Stephenville",
    "Stewart",
    "St. Lawrence",
    "St Romuald",
    "Summerside",
    "Sydney",
    "Tahsis",
    "Texada Island",
    "Thunder Bay",
    "Tillsonburg",
    "Toronto",
    "Trenton",
    "Trois-Rivieres",
    "Tuktoyaktuk",
    "Twillingate",
    "Valleyfield",
    "Vancouver",
    "Vancouver Centerm Terminal",
    "Victoria",
    "Wabush",
    "Watson Island",
    "Welland",
    "Weymouth",
    "Wheatley",
    "Winchester",
    "Windsor",
    "Winnipeg",
    "Woodfibre",
    "Yarmouth"
  ],
  "Cape_verde": [
    "Porto Grande",
    "Porto Praia"
  ],
  "Cayman_islands": [
    "Georgetown"
  ],
  "Chile": [
    "Ancud",
    "Antofagasta",
    "Arica",
    "Balmaceda",
    "Barquito",
    "Cabo Negro",
    "Caldera",
    "Calderilla",
    "Caleta Barquito",
    "Caleta Coloso",
    "Caleta Patillos",
    "Castro",
    "Chacabuco",
    "Coquimbo",
    "Coronel",
    "Corral",
    "Cruz Grande",
    "Easter Island",
    "Guayacan",
    "Huasco",
    "Iquique",
    "Isla de Pascua",
    "Isla Guarello",
    "La Serena",
    "Lirquen",
    "Lota",
    "Mejillones",
    "Patillos Cove",
    "Penco",
    "Port Williams",
    "Puerto Angamos",
    "Puerto Chacabuco",
    "Puerto Montt",
    "Puerto Natales",
    "Puerto Ventanas",
    "Punta Arenas",
    "Punta Patache",
    "Quellon",
    "Quemchi",
    "Quintero",
    "San Antonio",
    "San Vicente",
    "Talcahuano",
    "Taltal",
    "Tocopilla",
    "Valdivia",
    "Valparaiso"
  ],
  "China": [
    "Anqing",
    "Anshan",
    "Bahe",
    "Baimajing",
    "Baotou",
    "Basou",
    "Bayuquan",
    "Beijiao",
    "Bengbu",
    "Buji",
    "Caofeidian Pt ",
    "Changde",
    "Changsha",
    "Changshu",
    "Changzhi",
    "Changzhou",
    "Chengdu",
    "Chenglingji",
    "Chiwan",
    "Chongming",
    "Chongqing",
    "Chuansha",
    "Da Chan Bay",
    "Dafeng",
    "Dagang",
    "Dalian",
    "Dandong",
    "Daqing",
    "Deqing",
    "Dezhou",
    "Dianbai",
    "DIGANG",
    "Dongguan",
    "Dongshan",
    "Dongwan",
    "Doumen",
    "Ezhou",
    "Fangcheng",
    "Fangcun",
    "Foshan",
    "Fujin",
    "Fuling",
    "Fushun",
    "Fuyang",
    "Fuzhou",
    "Ganzhou",
    "Gaogang",
    "Gaoming",
    "Gaoxiong",
    "Gongyi",
    "Guangzhou",
    "Guigang",
    "Guishan",
    "Haerbin",
    "Haian",
    "Haikou",
    "Haimen",
    "Hangzhou",
    "Hechi",
    "Hefei",
    "Heihe",
    "Hengyang",
    "Heshan",
    "Hong Kong",
    "Huadu",
    "Huaibei",
    "Huainan",
    "Huanghua",
    "Huangpu",
    "Huangshi",
    "Huizhou",
    "Huzhou",
    "Jiading",
    "Jiamusi",
    "Jiande",
    "Jiangmen",
    "Jiangyin",
    "Jiaxing",
    "Jinan",
    "Jingdezhen",
    "Jinhua",
    "Jinzhou",
    "Jiujiang",
    "Kaifeng",
    "Kaiping",
    "Kunming",
    "Kunshan",
    "Laizhou",
    "Langfang",
    "Lanshan",
    "Lanshi",
    "Lanxi",
    "Lanzhou",
    "Leliu",
    "Lianyungang",
    "Liaoyang",
    "Linjiang",
    "Linyi",
    "Liuzhou",
    "Longkou",
    "Luzhou",
    "Maanshan",
    "Macau",
    "Machong",
    "Mafang",
    "Maoming",
    "Mawan",
    "Mawei",
    "Mianyang",
    "Nanchang",
    "Nangang",
    "Nanjing",
    "Nanning",
    "Nansha",
    "Nantong",
    "Ningbo",
    "Ningde",
    "Pinghu",
    "Putian",
    "Qingdao",
    "Qingxi",
    "Qingyuan",
    "Qinhuangdao",
    "Qinzhou",
    "Quanzhou",
    "Rizhao",
    "Rongcheng",
    "Rongqi",
    "Rugao",
    "Ruili",
    "Saiqi",
    "Sanshan",
    "Sanshui",
    "Sanya",
    "Shanghai",
    "Shantou",
    "Shanwei",
    "Shaoxing",
    "Shashi",
    "Shatian",
    "Shekou",
    "Shenwan",
    "Shenyang",
    "Shenzhen",
    "Sheyang",
    "Shidao",
    "Shipu",
    "Shiqiao",
    "Shuidong",
    "Shunde",
    "Simao",
    "Siping",
    "Songjiang",
    "Suzhou",
    "Taian",
    "Taicang",
    "Taicheng",
    "Taiping",
    "Taiyuan",
    "Taizhoung",
    "Tanggu",
    "Tangshan",
    "Tianjin",
    "Tieling",
    "Tongjiang",
    "Tongling",
    "Wanding",
    "Wanxuan",
    "Wanzai",
    "Weihai",
    "Weitou",
    "Wenzhou",
    "Wuhan",
    "Wuhu",
    "Wuxi",
    "Wuzhou",
    "Xialong",
    "Xiamen",
    "Xian",
    "Xiangtan",
    "Xianyang",
    "Xiaogan",
    "Xiaolan",
    "Xiaoshan",
    "Xinfeng",
    "Xingang",
    "Xingyi",
    "Xinhui",
    "Xinxiang",
    "Xiuyu",
    "Xuzhou",
    "Yangjiang",
    "Yangpu",
    "Yangshan",
    "Yangzhou",
    "Yantai",
    "Yantian",
    "Yichang",
    "Yingkou",
    "Yining",
    "Yizheng",
    "Yueyang",
    "Yunfu",
    "Zaozhuang",
    "Zhangjiagang",
    "Zhangjiang",
    "Zhangwan",
    "Zhangzhou",
    "Zhaoqing",
    "Zhapu",
    "Zhengzhou",
    "Zhenjiang",
    "Zhongshan",
    "Zhoushan",
    "Zhuhai",
    "Zhuji",
    "Zhuozhou"
  ],
  "Christmas_island": [
    "Christmas Island"
  ],
  "Colombia": [
    "Barranquilla",
    "Buenaventura",
    "Cartagena",
    "Covenas",
    "Mamonal",
    "Pozos Colorados",
    "Puerto Bolivar",
    "Puerto Colombia",
    "Puerto Prodeco",
    "San Andres Island",
    "Santa Marta",
    "Tolu",
    "Tumaco",
    "Turbo"
  ],
  "Comoros": [
    "Dzaoudzi",
    "Fomboni",
    "Moroni",
    "Mutsamudu"
  ],
  "Cook_islands": [
    "Avatiu"
  ],
  "Costa_rica": [
    "Caldera",
    "Golfito",
    "Puerto Limon",
    "Puerto Moin",
    "Puntarenas",
    "Quepos",
    "San Jose"
  ],
  "Croatia": [
    "Bakar",
    "Dubrovnik",
    "Dugi Rat",
    "Hvar",
    "Korcula",
    "Mali Losinj",
    "Metkovic",
    "Omisalj",
    "Ploce",
    "Plomin",
    "Pula",
    "Rasa",
    "Rijeka Bakar",
    "Rovinj",
    "Senj",
    "Sibenik",
    "Split",
    "Zadar"
  ],
  "Cuba": [
    "Antilla",
    "Bahia Honda",
    "Banes",
    "Baracoa",
    "Boca Grande",
    "Boqueron",
    "Cabanas",
    "Caibarien",
    "Cardenas",
    "Casilda",
    "Ceiba Hueca",
    "Cienfuegos",
    "Guantanamo",
    "Guayabal",
    "Havana",
    "Isabela",
    "Jucaro",
    "Manati",
    "Manzanillo",
    "Mariel",
    "Matanzas",
    "Media Luna",
    "Moa",
    "Nicaro",
    "Niquero",
    "Nueva Gerona",
    "Nuevitas",
    "Palo Alto",
    "Preston",
    "Puerto Padre",
    "Puerto Tarafa",
    "Santa Cruz del Sur",
    "Santa Lucia",
    "Santiago",
    "Tanamo",
    "Tunas de Zaza",
    "Vita"
  ],
  "Curacao": [
    "Willemstad"
  ],
  "Cyprus": [
    "Famagusta",
    "Kalecik",
    "Karavostassi",
    "Kyrenia",
    "Larnaca",
    "Latchi",
    "Limassol",
    "Vassiliko"
  ],
  "Czech_republic": [
    "Prague",
    "Rudna"
  ],
  "Democratic_republic_of_the_congo": [
    "Banana",
    "Boma",
    "Matadi"
  ],
  "Denmark": [
    "Aabenraa",
    "Aalborg",
    "Aarhus",
    "Aeroskobing",
    "Allinge",
    "Asnaes",
    "Asnaesvaerkets Havn",
    "Bandholm",
    "Bogense",
    "Brabrand",
    "Brondby",
    "Copenhagen",
    "Dania",
    "Ebeltoft",
    "Elsinore",
    "Ensted",
    "Esbjerg",
    "Faaborg",
    "Fakse Ladeplads",
    "Fredericia",
    "Frederiksberg",
    "Frederikshavn",
    "Frederikssund",
    "Frederiksvark",
    "Gedser",
    "Graasten",
    "Grenaa",
    "Gulfhavn",
    "Haderslev",
    "Hadsund",
    "Hanstholm",
    "Hasle",
    "Havdrup",
    "Hirtshals",
    "Hobro",
    "Holbaek",
    "Horsens",
    "Hvide Sande",
    "Kalundborg",
    "Kastrup",
    "Kerteminde",
    "Kobenhavn",
    "Koge",
    "Kolding",
    "Korsoer",
    "Kyndby",
    "Lemvig",
    "Mariager",
    "Marstal",
    "Masnedsund",
    "Middelfart",
    "Naestved",
    "Nakskov",
    "Nekso",
    "Nykobing",
    "Odense",
    "Orehoved",
    "Randers",
    "Ringkobing",
    "Rodbyhavn",
    "Ronne",
    "Rudkobing",
    "Sakskobing",
    "Skaelskor",
    "Skaerbaek",
    "Skagen",
    "Skaw",
    "Skive",
    "Sonderborg",
    "Stigsnaesvaerkets Havn",
    "Struer",
    "Stubbekobing",
    "Studstrup",
    "Svaneke",
    "Svendborg",
    "Tisted",
    "Tuborg Havn",
    "Vejle",
    "Vordingborg"
  ],
  "Djibouti": [
    "Djibouti"
  ],
  "Dominica": [
    "Portsmouth",
    "Roseau"
  ],
  "Dominican_republic": [
    "Azua",
    "Barahona",
    "Boca Chica",
    "Cabo Rojo",
    "Caucedo",
    "La Romana",
    "Manzanillo",
    "Palenque",
    "Puerto Plata",
    "Puerto Viejo de Azua",
    "Rio Haina",
    "Samana",
    "San Pedro De Masan P",
    "Santo Domingo"
  ],
  "Ecuador": [
    "Bahia De Caraquez",
    "Esmeraldas",
    "Guayaquil",
    "La Libertad",
    "Manta",
    "Posorja",
    "Puerto Bolivar",
    "Salinas",
    "San Lorenzo"
  ],
  "Egypt": [
    "Abu Qir",
    "Abu Zenima",
    "Adabiya",
    "Ain Sokhna",
    "Ain Sukhna",
    "Alexandria",
    "Damietta",
    "El Dekheila",
    "Geisum Terminal",
    "Hamrawein",
    "Kosseir",
    "Mersa el Hamra",
    "Nuweibah",
    "Port Said",
    "Ras Budran",
    "Sidi Kerir Terminal",
    "Suez Canal",
    "Zeit Bay Terminal"
  ],
  "El_salvador": [
    "Acajutla",
    "Cutuco",
    "La Libertad"
  ],
  "Equatorial_guinea": [
    "Bata",
    "Cogo",
    "Luba",
    "Malabo"
  ],
  "Eritrea": [
    "Assab",
    "Massawa"
  ],
  "Estonia": [
    "Heltermaa",
    "Kuivastu",
    "Kunda",
    "Muuga-Port Of Tallinn",
    "Paldiski-Port Of Tallinn",
    "Pyarnu",
    "Rohukula",
    "Roomassaare",
    "Tallinn"
  ],
  "Falkland_islands": [
    "Stanley"
  ],
  "Faroe_islands": [
    "Fuglafjordur",
    "Klaksvik",
    "Kollafjordur",
    "Runavik",
    "Soervaag",
    "Thorshavn",
    "Tvoroyri",
    "Vagur",
    "Vestmanna"
  ],
  "Fiji": [
    "Lambasa",
    "Lautoka",
    "Levuka",
    "Savu Savu",
    "Suva"
  ],
  "Finland": [
    "Degerby",
    "Ekenas",
    "Hamina",
    "Hanko",
    "Haukipudas",
    "Helsinki",
    "Imatra",
    "Inkoo",
    "Isnas",
    "Jakobstad",
    "Joensuu",
    "Joutseno",
    "Kaskinen",
    "Kemi",
    "Kokkola",
    "Kotka",
    "Kouvola",
    "Koverhar",
    "Kristinestad",
    "Kumpusalmi",
    "Lapaluoto",
    "Loviisa",
    "Mantyluoto",
    "Mariehamn",
    "Merikarvia",
    "Mustola",
    "Naantali",
    "Oulu",
    "Pargas",
    "Pateniemi",
    "Pori",
    "Porvoo",
    "Puhos",
    "Raahe",
    "Rahja",
    "Rauma",
    "Reposaari",
    "Ristiina",
    "Savonlinna",
    "Siilinjarvi",
    "Tahkoluoto",
    "Tolkkinen-Tolkis",
    "Tornio",
    "Turku",
    "Uusikaupunki",
    "Vaasa",
    "Varkaus Harbours",
    "Vaskiluoto",
    "Veitsiluoto",
    "Ykspihlaja"
  ],
  "France": [
    "Abbeville",
    "Ajaccio",
    "Arcachon",
    "Bassens",
    "Bayonne",
    "Belfort",
    "Bonifacio",
    "Bordeaux",
    "Boulogne Sur Mer",
    "Bourges",
    "Brest",
    "Caen",
    "Calvi",
    "Camaret",
    "Cannes",
    "Commercy",
    "Concarneau",
    "Conflandey",
    "Deauville",
    "Donges",
    "Douvaine",
    "Dunkerque",
    "Fecamp",
    "Fismes",
    "Fos Sur Mer",
    "Gennevilliers",
    "Granville",
    "Gravelines",
    "Guimerville",
    "Ham",
    "Honfleur",
    "Izon",
    "Langres",
    "La Pallice",
    "La Rochelle-Pallice",
    "Lavera",
    "Le Guildo",
    "Le Havre",
    "Les Sables d'Olonne",
    "Le Treport",
    "Le Verdon",
    "Libourne",
    "L'Ile Rousse",
    "Liomer",
    "Loctudy",
    "Lyon",
    "Marans",
    "Marmande",
    "Marseille",
    "Mercurey",
    "Merpins",
    "Montoir De Bretagne",
    "Morlaix",
    "Morteau",
    "Mulhouse Nord",
    "Ouistreham",
    "Paimboeuf",
    "Paimpol",
    "Persan",
    "Plailly",
    "Port De Bouc",
    "Port La Nouvelle",
    "Porto Vecchio",
    "Port Vendres",
    "Propriano",
    "Quiberon",
    "Roscoff-Bloscon",
    "Roubaix",
    "Rouen",
    "Sete",
    "Strasbourg",
    "St Valery-sur-Somme",
    "Talence",
    "Toul",
    "Toulouse",
    "Treguier",
    "Ury",
    "Vannes",
    "Verberie",
    "Versailles",
    "Yenne"
  ],
  "French_guiana": [
    "Cayenne",
    "Degrad des Cannes",
    "Kourou",
    "St Laurent du Maroni"
  ],
  "French_polynesia": [
    "Bora-Bora",
    "Papeete"
  ],
  "Gabon": [
    "Cap Lopez",
    "Gamba",
    "Libreville",
    "Lucina Terminal",
    "M'Bya Terminal",
    "Nyanga",
    "Owendo",
    "Port Gentil"
  ],
  "Gambia": [
    "Banjul"
  ],
  "Georgia": [
    "Batumi",
    "Poti",
    "Sukhumi"
  ],
  "Germany": [
    "Berlin",
    "Bonn",
    "Bramel",
    "Braunschweig",
    "Bremen",
    "Bremerhaven",
    "Brunsbuttel",
    "Busum",
    "Butzfleth",
    "Cologne",
    "Cuxhaven",
    "Dortmund",
    "Duisburg",
    "Dusseldorf",
    "Eckernforde",
    "Elsfleth",
    "Gersheim",
    "Giessen",
    "Gluckstadt",
    "Hamburg",
    "Hamburg-Harburg",
    "Heidelberg",
    "Heiligenhafen",
    "Hollage",
    "Holtenau",
    "Husum",
    "Itzehoe",
    "Kappeln",
    "Karlsruhe",
    "Kehl",
    "Kiel",
    "Koblenz",
    "Koln",
    "Krefeld",
    "Laboe",
    "Leer",
    "Leipzig",
    "Lubeck",
    "Ludwigshafen Am Rhein",
    "Mainz",
    "Monheim",
    "Nessmersiel",
    "Neuharlingersiel",
    "Neuhaus",
    "Neuss",
    "Neustadt/Holstein",
    "Nurnberg",
    "Oldenburg",
    "Orth",
    "Papenburg",
    "Rastatt",
    "Regensburg",
    "Rendsburg",
    "Rostock",
    "Salzgitter",
    "Sassnitz",
    "Schleswig",
    "Stade",
    "Stuhr",
    "Toenning",
    "Uckermunde",
    "Ulm",
    "Wilhelmshaven"
  ],
  "Ghana": [
    "Accra",
    "Saltpond",
    "Sekondi",
    "Takoradi",
    "Tema"
  ],
  "Gibraltar": [
    "Gibraltar"
  ],
  "Greece": [
    "Achladi",
    "Agia Marina",
    "Agioi Theodoroi",
    "Aspropirgos",
    "Athinai",
    "Attiki",
    "Chalkida",
    "Chios",
    "Corfu",
    "Corinth",
    "Drepano",
    "Gythion",
    "Heraklion",
    "Igoumenitsa",
    "Isthmia",
    "Kalamaki",
    "Kalymnos",
    "Karlovassi",
    "Katakolon",
    "Kymassi",
    "Lavrion",
    "Mesolongi",
    "Methoni",
    "Milos Island",
    "Mykonos Island",
    "Nauplia",
    "Navarino",
    "Paroikia",
    "Patmos",
    "Piraeus",
    "Preveza/Lefkas",
    "Pyli",
    "Pylos",
    "Rafina",
    "Rethimnon",
    "Rhodes",
    "Rio",
    "Seriphos Island",
    "Stratoni",
    "Stylis",
    "Syros Island",
    "Thessaloniki",
    "Vathi",
    "Volos",
    "Yali Island",
    "Yerakini",
    "Zante"
  ],
  "Greenland": [
    "Aasiaat",
    "Ammassalik",
    "Christianshaab",
    "Egedesminde",
    "Faeringehavn",
    "Frederikshaab",
    "Holsteinsborg",
    "Ilulissat",
    "Jakobshavn",
    "Julianehaab",
    "Kangilinnguit",
    "Maniitsoq",
    "Narssarssuaq",
    "North Star Bugt",
    "Paamiut",
    "Qaanaaq",
    "Qaqortoq",
    "Qasigiannguit",
    "Qeqertarsuaq",
    "Sisimiut",
    "Sukkertoppen",
    "Umanak",
    "Upernavik",
    "Upernivik"
  ],
  "Grenada": [
    "St. George",
    "St George's"
  ],
  "Guadeloupe": [
    "Basse Terre",
    "Gustavia",
    "Pointe-a-Pitre"
  ],
  "Guam": [
    "Apra Harbour"
  ],
  "Guatemala": [
    "Champerico",
    "Puerto Barrios",
    "Puerto Quetzal",
    "San Jose",
    "Santo Tomas de Castilla",
    "Santo Tomas De Santo"
  ],
  "Guinea": [
    "Conakry",
    "Port Kamsar"
  ],
  "Guinea_bissau": [
    "Bissau",
    "Bolama",
    "Bubaque",
    "Cacheu"
  ],
  "Guyana": [
    "Bartica",
    "Georgetown",
    "Linden",
    "New Amsterdam"
  ],
  "Haiti": [
    "Aux Cayes",
    "Cap Haitien",
    "Fort Liberte",
    "Lafiteau",
    "Miragoane",
    "Port au Prince"
  ],
  "Honduras": [
    "La Ceiba",
    "Puerto Castilla",
    "Puerto Cortes",
    "San Lorenzo",
    "Tela"
  ],
  "Hong_kong": [
    "Hong Kong"
  ],
  "Hungary": [
    "Budapest",
    "Papa"
  ],
  "Iceland": [
    "Akranes",
    "Akureyri",
    "Dalvik",
    "Djupivogur",
    "Faskrudsfjordur",
    "Grenivik",
    "Grindavik",
    "Grundarfjordur",
    "Grundartangi",
    "Hafnarfjordur",
    "Husavik",
    "Hvammstangi",
    "Isafjordur",
    "Keflavik",
    "Neskaupstadur",
    "Raufarhofn",
    "Reykjavik",
    "Seydisfjordur",
    "Siglufjord",
    "Skagastrond",
    "Stodhvarfjordur",
    "Straumsvik",
    "Vestmannaeyjar",
    "Vestmann Islandvestm",
    "Vopnafjordur"
  ],
  "India": [
    "Ahmedabad",
    "Albert Victor (Beherai)",
    "Allepey",
    "Bedi Bunder",
    "Belekeri",
    "Bhavnagar",
    "Bhusawal",
    "Bombay",
    "Calcutta",
    "Calicut",
    "Calingapatnam",
    "Chennai",
    "Cochin",
    "Colochel",
    "Cuddalore",
    "Dabhol",
    "Dahej",
    "Dholera",
    "Dighi",
    "Ennore",
    "Faridabad",
    "Goa",
    "Gopalpur",
    "Haldia",
    "Hazira",
    "Honavar",
    "Jafarabad",
    "Jakhau",
    "Jawaharlal Nehru Port",
    "Kakinada",
    "Kandla",
    "Kanpur",
    "Karwar",
    "Kattupalli",
    "Krishnapatnam",
    "Kundapur",
    "Ludhiana",
    "Madras",
    "Magdalla",
    "Mahe",
    "Malpe",
    "Mandvi",
    "Mangalore",
    "Marmagoa",
    "Moradabad",
    "Mulgund",
    "Mumbai",
    "Mundra",
    "Nagapattinam",
    "Navlakhi",
    "Neendakara",
    "New Delhl",
    "New Mangalore",
    "New Tuticorin",
    "Nhava Sheva",
    "Okha",
    "Panaji",
    "Paradip",
    "Pindhara",
    "Pipavav",
    "Pondicherry",
    "Porbandar",
    "Port Blair",
    "Ratnagiri",
    "Redi",
    "Sikka",
    "Tadri",
    "Trivandrum",
    "Tuticorin",
    "Vadinar Terminal",
    "Valinokkam",
    "Vengurla",
    "Veraval",
    "Visakhapatnam",
    "Vishakhapatnam"
  ],
  "Indonesia": [
    "Amamapare",
    "Ampenan, Bali",
    "Balikpapan",
    "Balongan",
    "Bandung, Java",
    "Banjarmasin",
    "Banten",
    "Banyuwangi",
    "Banyuwangi - Meneng",
    "Batu Ampar",
    "Bekapai Terminal",
    "Belawan",
    "Bengkulu, Sumatra",
    "Benoa",
    "Biak, Irian Jaya",
    "Bima, Sb",
    "Bintuni",
    "Biringkasi",
    "Bitung",
    "Blang Lancang",
    "Bontang, Kl",
    "Buatan",
    "Bula",
    "Bunyu",
    "Celukan Bawang",
    "Cigading",
    "Cirebon, Java",
    "Ciwandan",
    "Dabo, Singkep",
    "Dumai, Sumatra",
    "Ende",
    "Gilimanuk",
    "Gorontalo, Sulawesi",
    "Gresik, Java",
    "Gunung Sitoli, St",
    "Hagu",
    "Jakarta",
    "Jambi",
    "Jambi, Sumatra",
    "Jayapura, Irian Jaya",
    "Kabil",
    "Kaimana",
    "Kasim Marine Terminal",
    "Kempo",
    "Kendari, Sulawesi",
    "Kidjang, Bintan",
    "Kijang",
    "Kota Baru",
    "Kuala Enok",
    "Kuala Kapuas, Kl",
    "Kuala Langsa",
    "Kumai",
    "Lalang Marine Terminal",
    "Larantuka",
    "Lawi-Lawi Terminal",
    "Lhoknga",
    "Lhokseumawe",
    "Lhoksumawe, Sumatra",
    "Macassar",
    "Madura",
    "Majene",
    "Malili",
    "Manggar",
    "Manokwari",
    "Maumere",
    "Medan",
    "Medan, Sumatra",
    "Merak, Java",
    "Merauke, Irian Jaya",
    "Meulaboh, Sumatra",
    "Muntok, Banka",
    "Namlea",
    "North Pulau Laut Coal Terminal",
    "Nunukan",
    "Padang",
    "Padang (Teluk Bajur), Sumatra",
    "Palapo, Sulawesi",
    "Palembang",
    "Palembang, Sumatra",
    "Pamekasan",
    "Panarukan, Java",
    "Pangkalan Susu, Sumatra",
    "Pangkal Balam, Banka",
    "Panjang",
    "Pantoloan",
    "Pekanbaru",
    "Pemangkat",
    "Penuba",
    "Perawang",
    "Pomala, Sulawesi",
    "Pontianak, Kalimantan",
    "Poso, Sulawesi",
    "Probolinggo",
    "Prointal",
    "Pulang Pisau",
    "Pulau Batam",
    "Rengat",
    "Sabang, Sumatra",
    "Samarinda, Kalimantan",
    "Sambas",
    "Sampit, Kalimantan",
    "Sangatta",
    "Santan Terminal, Kl",
    "Sekupang",
    "Selat Pandjang, Sumatra",
    "Semangka Bay",
    "Semarang, Java",
    "Senipah Terminal",
    "Sibolga, Sumatra",
    "Singkawang",
    "Sungai Guntung, Sumatra",
    "Sungai Pakning",
    "Surabaya",
    "Susoh",
    "Tanah Merah",
    "Tandjung Uban",
    "Tanjung Bara Coal Terminal",
    "Tanjung Intan",
    "Tanjung Pandan",
    "Tanjung Pinang, Riau",
    "Tanjung Priok",
    "Tanjung Sekong",
    "Tapaktuan, Sumatra",
    "Tegal",
    "Tembilahan",
    "Ternate, Halmahera",
    "Tjilatjap, Java",
    "Toboali",
    "Tuban",
    "Ujung Pandang, Sulawesi",
    "Waingapu",
    "Waisarissa"
  ],
  "Iran": [
    "Bandar Abbas",
    "Bandar Anzali",
    "Bandar Khomeini",
    "Bandar Mahshahr",
    "Bandar Noshahr",
    "Bushehr",
    "Chabahar",
    "Cyrus Terminal",
    "Khorramshahr",
    "Kish Island",
    "Lavan Island",
    "Ras Bahrgan"
  ],
  "Iraq": [
    "Fao",
    "Khor Al Zubair",
    "Umm Qasr"
  ],
  "Ireland": [
    "Arklow",
    "Balbriggan",
    "Ballina",
    "Baltimore",
    "Bantry",
    "Burtonport",
    "Cahirciveen",
    "Cahirsiveen",
    "Carlingford",
    "Castletown Bere",
    "Clarecastle",
    "Clonakilty",
    "Cobh",
    "Cork",
    "Drogheda",
    "Dublin",
    "Duncannon",
    "Dundalk",
    "Dungarvan",
    "Dun Laoghaire",
    "Dunmore East",
    "Fenit",
    "Foynes",
    "Galway",
    "Greenore",
    "Howth",
    "Killala",
    "Killybegs",
    "Kilrush",
    "Kinsale",
    "Limerick",
    "Moville",
    "New Ross",
    "Rathmullen",
    "Rosslare",
    "Sligo",
    "Waterford",
    "Westport",
    "Wicklow",
    "Youghal"
  ],
  "Isle_of_man": [
    "Castletown",
    "Peel",
    "Ramsey"
  ],
  "Israel": [
    "Ashdod",
    "Ashkelon",
    "Hadera",
    "Haifa",
    "Jaffa",
    "Tel-Aviv"
  ],
  "Italy": [
    "Alghero",
    "Ancona",
    "Anzio",
    "Augusta",
    "Avola",
    "Bagnoli",
    "Baia",
    "Bari",
    "Barletta",
    "Bologna",
    "Cagliari",
    "Carloforte",
    "Castellammare di Stabia",
    "Catania",
    "Chioggia",
    "Ciro Marina",
    "Civitavecchia",
    "Croce",
    "Crotone",
    "Enna",
    "Faenza",
    "Fiumicino",
    "Follonica",
    "Formia",
    "Gaeta",
    "Gallipoli",
    "Genova",
    "Giardini",
    "Gioia Tauro",
    "Golfo Aranci",
    "Imperia",
    "Lampedusa",
    "La Spezia",
    "Licata",
    "Lipari",
    "Livorno",
    "Manfredonia",
    "Mantova",
    "Maranello",
    "Marina di Carrara",
    "Marsala",
    "Mazara del Vallo",
    "Melilli Oil Terminal",
    "Messina",
    "Milano",
    "Modena",
    "Molfetta",
    "Moncalieri",
    "Napoli",
    "Olbia",
    "Orta Nova",
    "Ortona",
    "Palau",
    "Palermo",
    "Pantelleria",
    "Patti",
    "Pesaro",
    "Pescara",
    "Piombino",
    "Portici",
    "Porto Azzurro",
    "Porto Cervo",
    "Porto di Vibo Valentia Marina",
    "Porto Empedocle",
    "Portoferraio",
    "Portofino",
    "Porto Marghera",
    "Porto Nogaro",
    "Porto Santo Stefano",
    "Porto Torres",
    "Porto Vesme",
    "Pozzallo",
    "Pozzuoli",
    "Priolo",
    "Ravenna",
    "Reggio Calabria",
    "Rio Marina",
    "Salerno",
    "San Benedetto del Tronto",
    "San Remo",
    "Sant' Antioco",
    "Savona",
    "Siracusa",
    "Talamone",
    "Taranto",
    "Termini Imerese",
    "Torre Annunziata",
    "Torre del Greco",
    "Trapani",
    "Trieste",
    "Vada",
    "Vado/Bologna",
    "Vado Ligure",
    "Vasto",
    "Venice",
    "Ventimiglia"
  ],
  "Ivory_coast": [
    "Abidjan",
    "Fresco",
    "San Pedro"
  ],
  "Jamaica": [
    "Black River",
    "Kingston",
    "Lucea",
    "Montego Bay",
    "Ocho Rios",
    "Port Antonio",
    "Port Esquivel",
    "Port Kaiser",
    "Port Rhoades",
    "Port Royal",
    "Rio Bueno",
    "Rocky Point",
    "Salt River",
    "Savanna La Mar"
  ],
  "Japan": [
    "Abashiri",
    "Aboshi",
    "Aburatsu",
    "Ainoura",
    "Aioi",
    "Akita",
    "Amagasaki",
    "Aokata",
    "Atsumi",
    "Chiba",
    "Ena",
    "Etajima",
    "Fukui",
    "Fukuyama",
    "Funabashi",
    "Furukawa",
    "Gamagori",
    "Hachinohe",
    "Hakata",
    "Hakodate",
    "Hakui",
    "Hamanda",
    "Hannan (Kishiwada)",
    "Hateruma",
    "Hibi",
    "Hibikinada",
    "Higashiharima",
    "Hikari",
    "Hiki",
    "Himeji",
    "Himekawa",
    "Hirao",
    "Hirara",
    "Hirohata",
    "Hiroshima",
    "Hitachi",
    "Hitachinaka",
    "Hofu",
    "Hosojima",
    "Imabari",
    "Imari",
    "Innoshima",
    "Ishigaki",
    "Ishikari",
    "Ishikariwan Shinko",
    "Ishinomaki",
    "Itozaki",
    "Iwakuni",
    "Iyomishima",
    "Kagoshima",
    "Kainan",
    "Kakogawa",
    "Kamaishi",
    "Kanazawa",
    "Kanda",
    "Kanmon",
    "Karatsu",
    "Kasaoka",
    "Kashima",
    "Kashiwazaki",
    "Kawasaki",
    "Kesennuma",
    "Kiire",
    "Kikuma",
    "Kinuura",
    "Kinwan",
    "Kisarazu",
    "Kitakyushu",
    "Kitakyushu-Kokura",
    "Kitakyushu-Yawata",
    "Kobe",
    "Kochi",
    "Komatsujima",
    "Kudamatsu",
    "Kumamoto",
    "Kushiro",
    "Maizuru",
    "Marugame",
    "Mategata",
    "Matsunaga",
    "Matsushima",
    "Matsuyama",
    "Minamata",
    "Misumi",
    "Mitajiri",
    "Mitsukoshima",
    "Miyako",
    "Mizushima",
    "Moji",
    "Monbetsu",
    "Mukaishima",
    "Muroran",
    "Nagasaki",
    "Nagoya",
    "Naha",
    "Nakanoseki",
    "Namikata",
    "Nanao",
    "Nanko",
    "Naoetsu",
    "Naze",
    "Niigata",
    "Niigata Higashi",
    "Niihama",
    "Noshiro",
    "Numazu",
    "Oita",
    "Okinawa",
    "Omaezaki",
    "Omishima",
    "Onahama",
    "Onoda",
    "Onomichi",
    "Osaka",
    "Otaru",
    "Owase",
    "Reihoku",
    "Rumoi",
    "Saganoseki",
    "Saiki",
    "Sakai",
    "Sakaiminato",
    "Sakaisenboku",
    "Sakata",
    "Sakito",
    "Satsumasendai",
    "Senboku",
    "Sendai",
    "Shibushi",
    "Shikama",
    "Shimizu",
    "Shimonoseki",
    "Shimotsu",
    "Shingu",
    "Shiogama",
    "Soma",
    "Suzaki",
    "Tachibana",
    "Tagonoura",
    "Takahara",
    "Takamatsu",
    "Takasu",
    "Takehara",
    "Takuma",
    "Tanabe",
    "Taniyama",
    "Tobata",
    "Tokachi",
    "Tokushima",
    "Tokuyama",
    "Tokyo",
    "Tomakomai",
    "Tomioka",
    "Tonda",
    "Toyama",
    "Toyohashi",
    "Tsukumi",
    "Tsuruga",
    "Ube",
    "Uchiura",
    "Uno",
    "Uwajima",
    "Wada",
    "Wakayama",
    "Wakkanai",
    "Yanai",
    "Yatsushiro",
    "Yawata",
    "Yawatahama",
    "Yokkaichi",
    "Yokohama",
    "Yokosuka",
    "Yura"
  ],
  "Jordan": [
    "Aqaba"
  ],
  "Kazakhstan": [
    "Aktau"
  ],
  "Kenya": [
    "Lamu",
    "Malindi",
    "Mombasa"
  ],
  "Kiribati": [
    "Banaba",
    "Tarawa Island",
    "Teraina Harbour"
  ],
  "Kuwait": [
    "Khor al Muffatta",
    "Kuwait",
    "Mena Al Ahmadi",
    "Mina Al Ahmadi",
    "Shuaiba",
    "Shuwaikh"
  ],
  "Latvia": [
    "Liepaja",
    "Mersrags",
    "Riga",
    "Salacgriva",
    "Skulte",
    "Ventspils"
  ],
  "Lebanon": [
    "Beirut",
    "Chekka",
    "Jounieh",
    "Selaata",
    "Sidon",
    "Tripoli",
    "Zahrani Terminal"
  ],
  "Liberia": [
    "Buchanan",
    "Cape Palmas",
    "Greenville",
    "Marshall",
    "Monrovia",
    "River Cess"
  ],
  "Libya": [
    "Abu Kammash",
    "Az Zawiyah",
    "Benghazi",
    "Derna",
    "Es Sider",
    "Khoms",
    "Marsa al Hariga",
    "Marsa El Brega",
    "Misurata",
    "Qasr Ahmed",
    "Ras el Hilal",
    "Ras Lanuf",
    "Tobruk",
    "Tripoli",
    "Zawia Terminal",
    "Zuara",
    "Zuetina"
  ],
  "Lithuania": [
    "Klaipeda",
    "Vilnius"
  ],
  "Macao": [
    "Macau"
  ],
  "Madagascar": [
    "Andoany",
    "Antalaha",
    "Antsiranana",
    "Majunga",
    "Manakara",
    "Mananjary",
    "Morondava",
    "Nosy Be",
    "Port Saint Louis",
    "Suarez",
    "Toamasina",
    "Tolagnaro",
    "Toleary"
  ],
  "Malaysia": [
    "Bakapit",
    "Bintangor",
    "Bintulu, Sarawak",
    "Butterworth",
    "Dungun (Kuala Dungun)",
    "Georgetown",
    "Johor",
    "Johore Bahru",
    "Kemaman",
    "Kerteh",
    "Kota Kinabalu",
    "Kuantan (Tanjong Gelang)",
    "Kuching",
    "Kudat",
    "Kunak",
    "Labuan",
    "Labuan, Sabah",
    "Lahad Datu, Sabah",
    "Limbang, Sarawak",
    "Lingga, Sarawak",
    "Lumut",
    "Lundu",
    "Miri",
    "Miri, Sarawak",
    "Muar",
    "Pasir Gudang",
    "Penang",
    "Port Dickson",
    "Port Kelang",
    "Pulau Tioman",
    "Sandakan, Sabah",
    "Sarikei",
    "Semporna, Sabah",
    "Sibu, Sarawak",
    "Sipitang",
    "Sipitang, Sabah",
    "Tanjung Manis",
    "Tanjung Pelepas",
    "Tawau",
    "Telok Anson",
    "Telok Ramunia"
  ],
  "Maldives": [
    "Male"
  ],
  "Mali": [
    "Tombouctou"
  ],
  "Malta": [
    "Malta",
    "Marsaxlokk",
    "Valletta"
  ],
  "Marshall_islands": [
    "Kwajalein",
    "Majuro"
  ],
  "Martinique": [
    "Fort De France"
  ],
  "Mauritania": [
    "Nouadhibou",
    "Nouakchott"
  ],
  "Mauritius": [
    "Port Louis"
  ],
  "Mayotte": [
    "LONGONI"
  ],
  "Mexico": [
    "Acapulco",
    "Aguascalientes",
    "Altamira",
    "Alvarado",
    "Cabo San Lucas",
    "Campeche",
    "Cayo Arcas",
    "Ciudad del Carmen",
    "Coatzacoalcos",
    "Cozumel",
    "Dos Bocas",
    "Ensenada",
    "Frontera",
    "Guaymas",
    "La Paz",
    "Lazaro Cardenas",
    "Manzanillo",
    "Mazatlan",
    "Minatitlan",
    "Monterrey",
    "Morro Redondo",
    "Nanchital",
    "Nautla",
    "Pichilingue",
    "Progreso",
    "Puerto Escondido",
    "Puerto Madero",
    "Puerto Morelos",
    "Puerto Vallarta",
    "Rosarito Terminal",
    "Salina Cruz",
    "San Carlos",
    "San Juan de la Costa",
    "San Marcos",
    "Santa Rosalia",
    "Tampico",
    "Toluca",
    "Topolobampo",
    "Tuxpan",
    "Veracruz",
    "Yukalpeten"
  ],
  "Micronesia": [
    "Yap"
  ],
  "Moldova": [
    "Giurgiulesti",
    "Tiraspol"
  ],
  "Monaco": [
    "Monaco"
  ],
  "Montenegro": [
    "BAR"
  ],
  "Montserrat": [
    "Little Bay Ferry Terminal",
    "Plymouth"
  ],
  "Morocco": [
    "Agadir",
    "Al Hoceima",
    "Casablanca",
    "Dakhla",
    "El Jadida",
    "Essaouira",
    "Jorf Lasfar",
    "Kenitra",
    "Laayoune",
    "Larache",
    "Mohammedia",
    "Nador",
    "Port Nador",
    "Safi",
    "Tangier",
    "Tan Tan"
  ],
  "Mozambique": [
    "Beira",
    "Chinde",
    "Inhambane",
    "Macuse",
    "Maputo",
    "Mozambique",
    "Nacala",
    "Pebane",
    "Pemba",
    "Quelimane"
  ],
  "Myanmar": [
    "Bassein",
    "Moulmein",
    "Sittwe",
    "Yangon"
  ],
  "Namibia": [
    "Luderitz",
    "Walvis Bay"
  ],
  "Nauru": [
    "Nauru",
    "Yaren"
  ],
  "Netherlands": [
    "Alkmaar",
    "Amsterdam",
    "Born",
    "Breskens",
    "Brouwershaven",
    "Den Helder",
    "Dordrecht",
    "Eemshaven",
    "Europoort",
    "Groningen",
    "Groot-Ammers",
    "Hansweert",
    "Harlingen",
    "Hellevoetsluis",
    "Hengelo",
    "Hook of Holland",
    "Ijmuiden",
    "Middelburg",
    "Moerdijk",
    "Nijmegen",
    "Rotterdam",
    "Rozenburg",
    "Scheveningen",
    "Schiedam",
    "Sluiskil",
    "Son",
    "Texel",
    "Vlaardingen",
    "Vlissingen",
    "Willemstad",
    "Zaanstad",
    "Zierikzee",
    "Zwolle"
  ],
  "Netherlands_antilles": [
    "Bullen Bay",
    "Caracas Bay",
    "Fuik Bay",
    "Kralendijk",
    "Philipsburg",
    "St. Eustatius",
    "St Michiel's Bay",
    "Willemstad"
  ],
  "New_caledonia": [
    "Babouillat",
    "Kouaoua",
    "Nepoui",
    "Noumea",
    "Poro",
    "Thio"
  ],
  "New_zealand": [
    "Akaroa",
    "Auckland",
    "Blenheim",
    "Bluff",
    "Christchurch",
    "Dunedin",
    "Gisborne",
    "Greymouth",
    "Hamilton",
    "Hawera",
    "Huntly",
    "Invercargill",
    "Levin",
    "Lyttelton",
    "Marsden Point",
    "Mount Maunganui",
    "Napier",
    "Nelson",
    "New Plymouth",
    "Oamaru",
    "Onehunga",
    "Opua",
    "Otago Harbour",
    "Palmerston",
    "Picton",
    "Port Chalmers",
    "Rotorua",
    "Tarakohe",
    "Tauranga",
    "Timaru",
    "Wanganui",
    "Wellington",
    "Westport",
    "Whangarei"
  ],
  "Nicaragua": [
    "Bluefields",
    "Corinto",
    "El Bluff",
    "Puerto Cabezas",
    "Puerto Sandino Puert",
    "San Juan del Sur"
  ],
  "Nigeria": [
    "Antan Terminal",
    "Apapa",
    "Bonny",
    "Brass Terminal",
    "Burutu",
    "Calabar",
    "Escravos",
    "Forcados",
    "Koko",
    "Lagos",
    "Okrika",
    "Onne",
    "Pennington Termpenni",
    "Port Harcourt",
    "Qua Iboe",
    "Sapele",
    "Tincan",
    "Warri"
  ],
  "Niue": [
    "Alofi"
  ],
  "Norfolk_island": [
    "Kingston"
  ],
  "North_korea": [
    "Chongjin",
    "Haeju",
    "Hungnam",
    "Najin",
    "Nampo",
    "Songjin",
    "Wonsan"
  ],
  "Norway": [
    "Aalesund",
    "Aardalstangen",
    "Agnefest",
    "Agotnes",
    "Alvik",
    "Arendal",
    "Austevoll",
    "Batsfjord",
    "Bergen",
    "Bodo",
    "Borg Havn IKS",
    "Brevik",
    "Bronnoysund",
    "Drammen",
    "Egersund",
    "Eikefet",
    "Fagerstrand",
    "Farsund",
    "Fiborgtangen",
    "Flekkefjord",
    "Floroe",
    "Fredrikstad",
    "Fusa",
    "Glomfjord",
    "Grimstad",
    "Haavik",
    "Halden",
    "Hammerfest",
    "Hareid",
    "Harstad",
    "Haugesund",
    "Heroya",
    "Holmestrand",
    "Honningsvag",
    "Horten",
    "Hoyanger",
    "Husnes",
    "Kirkenes",
    "Kopervik",
    "Kragero",
    "Kristiansand S.Chris",
    "Kristiansund N.Chris",
    "Langesund",
    "Larvik",
    "Leirvik",
    "Lillesand",
    "Lodingen",
    "Maaloy",
    "Malm",
    "Mandal",
    "Menstad",
    "Mo I Rana",
    "Molde",
    "Mongstad",
    "Mosjoen",
    "Moss",
    "Naersnes",
    "Namsos",
    "Narvik",
    "Odda",
    "Orkanger",
    "Oslo",
    "Porsgrunn",
    "Risor",
    "Sandefjord",
    "Sandnes",
    "Sarpsborg",
    "Sauda",
    "Skien",
    "Skudeneshavn",
    "Slagen",
    "Stavanger",
    "Steinkjer",
    "Sture",
    "Sunndalsora",
    "Svelgen",
    "Svelvik",
    "Svolvaer",
    "Tau",
    "Thamshamn",
    "Tjeldbergodden",
    "Tofte",
    "Tonsberg",
    "Tromso",
    "Trondheim",
    "Tvedestrand",
    "Vadso",
    "Vaksdal",
    "Vardo",
    "Volda"
  ],
  "Oman": [
    "Khasab",
    "Mina Qaboos",
    "Muscat",
    "Qalhat",
    "Salalah",
    "Sohar"
  ],
  "Pakistan": [
    "Gwadar",
    "Karachi",
    "Keti Bandar",
    "Lahore",
    "Port Qasim",
    "Sialkot"
  ],
  "Panama": [
    "Aguadulce",
    "Almirante",
    "Bahia Las Minas",
    "Balboa",
    "Bocas del Toro",
    "Charco Azul",
    "Chiriqui Grande",
    "Colon",
    "Cristobal",
    "La Palma",
    "Manzanillo",
    "Panama",
    "Panama Canal",
    "Pedregal",
    "Puerto Armuelles",
    "Rodman",
    "Vacamonte"
  ],
  "Papua_new_guinea": [
    "Aitape",
    "Alotau",
    "Anewa Bay",
    "Bialla",
    "Buka",
    "Daru",
    "Kavieng",
    "Kieta",
    "Kimbe",
    "Kumul Marine Terminal",
    "Lae",
    "Lorengau",
    "Madang",
    "Oro Bay",
    "Port Moresby",
    "Rabaul",
    "Samarai",
    "Vanimo",
    "Wewak"
  ],
  "Paraguay": [
    "Asuncion"
  ],
  "Peru": [
    "Ancon",
    "Atico",
    "Bayovar",
    "Cabo Blanco",
    "Callao",
    "Cerro Azul",
    "Chancay",
    "Chimbote",
    "Conchan",
    "Eten",
    "General San Martin",
    "Huacho",
    "Ilo",
    "Iquitos",
    "La Pampilla",
    "Lobitos",
    "Matarani",
    "Pacasmayo",
    "Paita",
    "Paramonga",
    "Pimentel",
    "Puerto Chicama",
    "Salaverry",
    "Samanco",
    "San Juan",
    "San Nicolas",
    "Supe",
    "Talara"
  ],
  "Philippines": [
    "Amunitan/Aparri",
    "Aparri, Luzon",
    "Atimonan",
    "Bacolod",
    "Bacolod, Negros",
    "Basco",
    "Basilan City, Basilan",
    "Bataan, Mariveles",
    "Batangas, Luzon",
    "Bislig, Mindanao",
    "Bugo",
    "Cadiz",
    "Cagayan De Oro",
    "Cagayan De Oro, Mindanao",
    "Calaca",
    "Cebu City",
    "Claveria",
    "Currimao",
    "Davao",
    "Davao, Mindanao",
    "Dumaguete",
    "General Santos",
    "Gingoog",
    "Hondagua/Siain",
    "Iligan, Mindanao",
    "Iloilo",
    "Isabel",
    "Jolo",
    "Jose Panganiban",
    "Laoag, Luzon",
    "Limay/Bataan",
    "Manila",
    "Mariveles, Luzon",
    "Masao",
    "Masinloc",
    "Nasipit Port",
    "Olongapo",
    "Ozamis, Mindanao",
    "Polloc",
    "Poro/San Fernando",
    "Puerto Princesa, Palawan",
    "Pulupandan",
    "Quezon",
    "San Carlos",
    "San Fernando, Luzon",
    "Sangi/Cebu",
    "Santa Maria",
    "Subic Bay",
    "Surigao, Mindanao",
    "Tabaco/Legaspi",
    "Tacloban",
    "Tagaloan",
    "Tagbilaran",
    "Tagoloan",
    "Tanauan",
    "Tandoc",
    "Villanueva",
    "Zamboanga"
  ],
  "Poland": [
    "Darlowo",
    "Elblag",
    "Gdansk",
    "Gdynia",
    "Hel",
    "Kolobrzeg",
    "Police",
    "Poznan",
    "Swinoujscie",
    "Szczecin",
    "Ustka",
    "Warszawa",
    "Wladyslawowo"
  ],
  "Portugal": [
    "Angra do Heroismo",
    "Aveiro",
    "Barcelos",
    "Figueira Da Foz",
    "Funchal, Madeira",
    "Lagos",
    "Leixoes",
    "Lisboa",
    "Portalegre",
    "Portimao",
    "Porto",
    "Porto Santo",
    "Praia da Vitoria",
    "Setubal",
    "Sines",
    "Viana do Castelo",
    "Vila Real",
    "Vila Real de Santo Antonio"
  ],
  "Puerto_rico": [
    "Aguadilla",
    "Arecibo",
    "Fajardo",
    "Guanica",
    "Guayanilla",
    "Jobos Bay",
    "Las Mareas",
    "Mayaguez",
    "Ponce",
    "San Juan",
    "Yabucoa"
  ],
  "Qatar": [
    "Doha",
    "Hamad",
    "Mesaieed",
    "Ras Laffan",
    "Umm Said"
  ],
  "Republic_of_the_congo": [
    "Djeno",
    "N'Kossa Terminal",
    "Pointe Noire"
  ],
  "Reunion": [
    "Le Port",
    "Pointe des Galets"
  ],
  "Romania": [
    "Basarabi",
    "Braila",
    "Calafat",
    "Calarasi",
    "Cernavoda",
    "Constanta",
    "Drobeta Turnu Severin",
    "Giurgiu",
    "Mangalia",
    "Medgidia",
    "Midia Navodari",
    "Orsova",
    "Sulina",
    "Tulcea",
    "Turnu Magurele",
    "Zimnicea"
  ],
  "Russia": [
    "Alexandrovsk",
    "Amderma",
    "Anadyr",
    "Anapa",
    "Archangel",
    "Arkhangelsk",
    "Astrakhan",
    "Azov",
    "Beringovsky",
    "BRONKA",
    "De Kastri",
    "Dikson",
    "Dudinka",
    "Egvekinot",
    "Ekonomiya",
    "Hatanga",
    "Igarka",
    "Kaliningrad",
    "Kandalaksha",
    "Kholmsk",
    "Korsakov",
    "Kronshtadt",
    "Lazarev",
    "Lomonosov",
    "Magadan",
    "Mago",
    "Makhachkala",
    "Mezen",
    "Murmansk",
    "Nakhodka",
    "Naryan-Mar",
    "Nevelsk",
    "Nikolaevsk on Amur",
    "Nogliki",
    "Novorossiysk",
    "Onega",
    "Petropavlovsk-Kamchatsky",
    "Pevek",
    "Poronaysk",
    "Posyet",
    "Primorsk",
    "Rostov-on-Don",
    "Saint Petersburg",
    "Sochi",
    "Taganrog",
    "Tiksi",
    "Tuapse",
    "Uglegorsk",
    "Ust Kamchatsk",
    "Ust-Luga",
    "Vanino",
    "Viborg",
    "Vladivostok",
    "Vostochny",
    "Vyborg",
    "Yeysk",
    "Zarubino"
  ],
  "Saint_helena": [
    "Georgetown",
    "Jamestown"
  ],
  "Saint_kitts_and_nevis": [
    "Basseterre",
    "Charlestown"
  ],
  "Saint_lucia": [
    "Port Castries",
    "Cul De Sac",
    "Vieux Fort"
  ],
  "Saint_pierre_and_miquelon": [
    "St. Pierre"
  ],
  "Saint_vincent_and_the_grenadines": [
    "Campden Park",
    "Georgetown",
    "Kingstown, St Vincent"
  ],
  "Samoa": [
    "Apia"
  ],
  "Sao_tome_and_principe": [
    "Santo Antonio",
    "Sao Tome"
  ],
  "Saudi_arabia": [
    "Dammam",
    "Dhuba",
    "Gizan",
    "Jeddah",
    "Jubail",
    "King Abdullah Port",
    "Qadhimah",
    "Rabigh",
    "Ras al Mishab",
    "Ras Tanura",
    "Riyadh"
  ],
  "Senegal": [
    "Dakar",
    "Kaolack",
    "Lyndiane",
    "M'Bao Oil Terminal",
    "Ziguinchor"
  ],
  "Serbia": [
    "Bar",
    "Kotor",
    "Zelenika"
  ],
  "Seychelles": [
    "Port Victoria"
  ],
  "Sierra_leone": [
    "Freetown",
    "Pepel",
    "Sherbro Island"
  ],
  "Singapore": [
    "Jurong",
    "Singapore"
  ],
  "Slovakia": [
    "Bratislava"
  ],
  "Slovenia": [
    "Izola",
    "Koper",
    "Piran"
  ],
  "Solomon_islands": [
    "Aola Bay",
    "Gizo",
    "Honiara",
    "Noro",
    "Ringi Cove",
    "Shortland Harbour",
    "Tulagi",
    "Viru Harbour",
    "Yandina"
  ],
  "Somali": [
    "Berbera",
    "Dante",
    "Mogadiscio"
  ],
  "Somaliland": [
    "Kismayu",
    "Merca",
    "Mogadishu"
  ],
  "South_africa": [
    "Cape Town",
    "Coega",
    "Durban",
    "East London",
    "Port Elizabeth",
    "Port Nolloth",
    "Richards Bay"
  ],
  "South_georgia_and_the_south_sandwich_islands": [
    "Grytviken"
  ],
  "South_korea": [
    "Daepori",
    "Daesan",
    "Donghae",
    "Gwangyang",
    "Incheon",
    "Koje",
    "Kunsan",
    "Kwangyang",
    "Masan",
    "Mogpo",
    "Mukho",
    "Okkye",
    "Okpo",
    "Onsan",
    "Pohang",
    "Pusan",
    "Pyeong Taek",
    "Pyungtaek",
    "Samcheon Po",
    "Samchok",
    "Seoul",
    "Sokcho",
    "Tonghae",
    "Ulsan",
    "Yeosu",
    "Yosu"
  ],
  "Spain": [
    "Adra",
    "Aguilas",
    "Alcanar",
    "Alcudia",
    "Algeciras",
    "Alicante",
    "Arguineguin",
    "Barcelona",
    "Bermeo",
    "Bilbao",
    "Blanca",
    "Burela",
    "Burgos",
    "Burriana",
    "Cadiz",
    "Carboneras",
    "Cartagena",
    "Castellon De La Plana",
    "Castro-Urdiales",
    "Ceuta",
    "Cillero",
    "Corcubion",
    "Denia",
    "El Ferrol",
    "Ferrol",
    "Gandia",
    "Garrucha",
    "Gijon",
    "Ibiza",
    "Javea",
    "La Estaca",
    "Las Palmas",
    "Luarca",
    "Madrid",
    "Malaga",
    "Marin",
    "Marin, Pontevedra",
    "Mazarron",
    "Melilla",
    "Menorca",
    "Motril",
    "Muros",
    "Palamos",
    "Palma",
    "Pasajes",
    "Puerto de la Savina",
    "Puerto del Rosario",
    "Ribadeo",
    "Rosas",
    "Sagunto",
    "San Antonio",
    "San Carlos de la Rapita",
    "San Ciprian",
    "San Esteban de Pravia",
    "San Feliu de Guixols",
    "San Sebastian",
    "San Sebastian De La Gomera",
    "Santa Cruz de la Palma",
    "Santa Cruz de Tenerife",
    "Santander",
    "Seville",
    "Tarragona",
    "Torrevieja",
    "Valencia",
    "Vigo",
    "Vilanova i la Geltru",
    "Villagarcia de Arosa",
    "Villaricos"
  ],
  "Sri_lanka": [
    "Colombo",
    "Galle",
    "Jaffna",
    "Kankesanturai",
    "Matara",
    "Negombo"
  ],
  "Sudan": [
    "Port Sudan"
  ],
  "Suriname": [
    "Moengo",
    "Nieuw Nickerie",
    "Paramaribo",
    "Paranam",
    "Wageningen"
  ],
  "Sweden": [
    "Ahus",
    "Ala",
    "Arboga",
    "Bergkvara",
    "Borgholm",
    "Brofjorden",
    "Degerhamn",
    "Donso",
    "Enkoping",
    "Falkenberg",
    "Gavle",
    "Gotthenburg",
    "Hallstavik",
    "Halmstad",
    "Haraholmen",
    "Hargshamn",
    "Harnosand",
    "Helsingborg",
    "Hoganas",
    "Hudiksvall",
    "Husum",
    "Iggesund",
    "Kalix",
    "Kalmar",
    "Kapellskar",
    "Karlsborg",
    "Karlshamn",
    "Karlskrona",
    "Karlstad",
    "Karskar",
    "Klagshamn",
    "Klintehamn",
    "Koping",
    "Kramfors",
    "Kristinehamn",
    "Kungsor",
    "Landskrona",
    "Lidkoping",
    "Limhamn",
    "Ljusne",
    "Lomma",
    "Lulea",
    "Lysekil",
    "Malmo",
    "Mariestad",
    "Marstrand",
    "Norrkoping",
    "Norrsundet",
    "Nykoping",
    "Nynashamn",
    "Ornskoldsvik",
    "Oskarshamn",
    "Otterbacken",
    "Oxelosund",
    "Pataholm",
    "Pitea",
    "Ronehamn",
    "Ronneby",
    "Ronnebyhamn",
    "Ronnskar",
    "Simrishamn",
    "Skelleftea",
    "Skelleftehamn",
    "Skoghall",
    "Skredsvik",
    "Skutskar",
    "Slite",
    "Soderhamn",
    "Sodertelje",
    "Solvesborg",
    "Stenungsund",
    "Stockholm",
    "Storugns",
    "Strangnas",
    "Stroemstad",
    "Stugsund",
    "Sundsvall",
    "Trelleborg",
    "Tunadal",
    "Uddevalla",
    "Umea",
    "Utansjo",
    "Vaesteras",
    "Valdemarsvik",
    "Vallvik",
    "Vanersborg",
    "Varberg",
    "Vastervik",
    "Visby",
    "Waija",
    "Wallhamn",
    "Wallvik",
    "Ystad"
  ],
  "Syria": [
    "Banias",
    "Latakia",
    "Tartous"
  ],
  "Taiwan": [
    "An-Ping",
    "Hualien",
    "Kaohsiung",
    "Keelung",
    "Mailiao",
    "Ma-Kung",
    "Su-Ao",
    "Taichung",
    "Taipei",
    "Taoyuan"
  ],
  "Tanzania": [
    "Chake Chake",
    "Dar Es Salaam",
    "Kilwa Kivinje",
    "Kilwa Masoko",
    "Lindi",
    "Pangani",
    "Tanga",
    "Zanzibar"
  ],
  "Thailand": [
    "Bangkok",
    "Bangpakong",
    "Chanthaburi",
    "Kantang",
    "Khanom",
    "Koh Sichang",
    "Krabi",
    "Laem Chabang",
    "Lat Krabang",
    "Mab Tapud",
    "Map Ta Phut",
    "Paknam",
    "Pattani",
    "Sattahip",
    "Siracha",
    "Songkhla"
  ],
  "Togo": [
    "Kpeme",
    "Lome"
  ],
  "Tonga": [
    "Pangai"
  ],
  "Trinidad_and_tobago": [
    "Brighton",
    "Chaguaramas",
    "Galeota Point",
    "Pointe A Pierre",
    "Point Fortin",
    "Point Lisas",
    "Port of Spain",
    "Scarborough",
    "Tembladora"
  ],
  "Tunisia": [
    "Ashtart Terminaashta",
    "Ashtart Terminal",
    "Bizerte",
    "Gabes",
    "La Goulette",
    "La Skhirra",
    "Menzel Bourguiba",
    "Rades",
    "Sfax",
    "Sousse",
    "Tunis",
    "Zarzis"
  ],
  "Turkey": [
    "Alanya",
    "Aliaga",
    "Ambarli",
    "Antalya",
    "Ayvalik",
    "Bandirmar",
    "Bodrum",
    "Cesme",
    "Cide",
    "Darica",
    "Derince",
    "Dikili",
    "Dortyol Oil Terminal",
    "Eregli",
    "Fatsa",
    "Fethiye",
    "Finike",
    "Gebze",
    "Gelibolu",
    "Gemlik",
    "Giresun",
    "Gocek",
    "Gorele",
    "Gulluk",
    "Haydarpasa",
    "Hereke",
    "Hopa",
    "Inebolu",
    "Iskenderun",
    "Istanbul",
    "Izmir",
    "Izmit (Evyap)",
    "Karabiga",
    "Kumport",
    "Kusadasi",
    "Mardas",
    "Mersin",
    "Mudanya",
    "Nemrut Bay",
    "Ordu",
    "Rize",
    "Samsun",
    "Sinop",
    "Tasucu",
    "Tekirdag",
    "Tirebolu",
    "Trabzon",
    "Yarimca",
    "Zonguldak"
  ],
  "Turkmenistan": [
    "Turkmenbashy",
    "Turkmenbasy"
  ],
  "Turks_and_caicos_islands": [
    "Grand Turk",
    "Providenciales"
  ],
  "Tuvalu": [
    "Funafuti"
  ],
  "Ukraine": [
    "Belgorod-Dnestrovskiy",
    "Berdyansk",
    "Chernihiv",
    "Chornomorsk",
    "Dnipropetrovsk",
    "Feodosiya",
    "Izmail",
    "Kerch",
    "Kharkiv",
    "Kherson",
    "Kiev",
    "Kiliya",
    "Mariupol",
    "Nikolaev",
    "Odessa",
    "Poltava",
    "Sevastopol",
    "Skadovsk",
    "Yalta",
    "Yuzhnyy",
    "Zaporizhzhia"
  ],
  "United_arab_emirates": [
    "Abu Al Bukhoosh",
    "Abu Dhabi",
    "Ahmed Bin Rashid Port",
    "Ajman",
    "Al Dhafra",
    "Arzanah Island",
    "Das Island",
    "Dubai",
    "Fateh Terminal",
    "Fujairah",
    "Hamriyah LPG Terminal",
    "Jebel Ali",
    "Khor Al Fakkan",
    "Mina Saqr",
    "Mina Zayed",
    "Mubarraz Island",
    "Port Rashid",
    "Ras Al Khaimah",
    "Sadiyat Island",
    "Sharjah",
    "Umm Al Nar Petroleum Port",
    "Zirku Island"
  ],
  "United_kingdom": [
    "Aberdeen",
    "Aboyne",
    "Alexandria",
    "Annalong",
    "Annan",
    "Anstruther",
    "Appledore",
    "Arbroath",
    "Ardglass",
    "Ardrishaig",
    "Avonmouth",
    "Ayr",
    "Banff",
    "Barnes",
    "Bathgate",
    "Bedlington",
    "Belfast",
    "Berwick-upon-Tweed",
    "Bideford",
    "Birmingham",
    "Birtley",
    "Blyth",
    "Bolton",
    "Boston",
    "Braefoot Bay",
    "Brandon",
    "Bridgwater",
    "Bridlington",
    "Brierley Hill",
    "Brightlingsea",
    "Bristol",
    "Bryn",
    "Buckie",
    "Bude",
    "Burghead",
    "Burntisland",
    "Caernarfon",
    "Caerphilly",
    "Cairnryan",
    "Cambus",
    "Cardiff",
    "Castle Bay",
    "Charlestown",
    "Coatbridge",
    "Colchester",
    "Coleraine",
    "Conwy",
    "Corpach",
    "Coventry",
    "Cowes",
    "Croydon",
    "Dagenham",
    "Dartford",
    "Devonport",
    "Dewsbury",
    "Dingle",
    "Dumbarton",
    "Dunbar",
    "Dundee",
    "Dunoon",
    "Exeter",
    "Exmouth",
    "Falmouth",
    "Fawley",
    "Felixstowe",
    "Fishguard",
    "Fleetwood",
    "Folkestone",
    "Forth Ports",
    "Fosdyke",
    "Fraserburgh",
    "Garieston",
    "Garlieston",
    "Girvan",
    "Glasgow Apt",
    "Glensanda",
    "Goole",
    "Gourock",
    "Grangemouth",
    "Greenock",
    "Grimsby",
    "Halifax",
    "Hampton",
    "Harwich",
    "Holyhead",
    "Hound Point",
    "Howdendyke",
    "Hull",
    "Hunterston",
    "Hyde",
    "Ilford",
    "Immingham",
    "Inverness",
    "Ipswich",
    "Irvine",
    "Isle Of Grain",
    "Kilkeel",
    "Kilroot",
    "Kirkcudbright",
    "Kirkwall",
    "Knowsley",
    "Kyle of Lochalsh",
    "Lancaster",
    "Largs",
    "Larne",
    "Leith",
    "Lerwick",
    "Linton",
    "Littlehampton",
    "Liverpool",
    "Llanarmon",
    "Llanddulas",
    "Lochaline",
    "Lochmaddy",
    "London",
    "Londonderry",
    "London Gateway Port",
    "Looe",
    "Lossiemouth",
    "Lowestoft",
    "Lybster",
    "Lydney",
    "Macduff",
    "Machrihanish",
    "Maldon",
    "Mallaig",
    "Manchester",
    "Mevagissey",
    "Middlesborough",
    "Minworth",
    "Mistley",
    "Montrose",
    "Moston",
    "Mostyn",
    "Nailsea",
    "Nairn",
    "Neath Abbey",
    "New Holland",
    "Newlyn",
    "Norwich",
    "Padstow",
    "Par",
    "Peebles",
    "Pembroke",
    "Penryn",
    "Penzance",
    "Perth",
    "Peterhead",
    "Plymouth",
    "Point Of Ayre",
    "Pontefract",
    "Poole",
    "Poplar",
    "Port Askaig",
    "Portbury",
    "Port Ellen",
    "Porthmadog",
    "Portishead",
    "Portland",
    "Port Penrhyn",
    "Port Sunlight",
    "Port Sutton Bridge",
    "Port Talbot",
    "Port William",
    "Preston",
    "Pwllheli",
    "Ramsgate",
    "Richborough",
    "Rotherham",
    "Rothes",
    "Royston",
    "Runcorn",
    "Rye",
    "Salt End",
    "Saundersfoot",
    "Scalloway",
    "Scarborough",
    "Scrabster",
    "Seaham",
    "Selby",
    "Sheerness",
    "Sheffield",
    "Shoreham",
    "Shotton",
    "Silloth",
    "Southampton",
    "South Shields",
    "Stockton-on-Tees",
    "Stornoway",
    "Stranraer",
    "Stretford",
    "Stromness",
    "Sunderland",
    "Sutton Bridge",
    "Swansea",
    "Teesport",
    "Teignmouth",
    "Tetney Terminal",
    "Thamesport",
    "Thurso",
    "Tilbury",
    "Tobermory",
    "Torquay",
    "Tranent",
    "Troon",
    "Truro",
    "Ullapool",
    "Warrenpoint",
    "Warrington",
    "Washington",
    "Watchet",
    "Wembley",
    "Wemyss Bay",
    "Weston",
    "Weymouth",
    "Whitby",
    "Whitland",
    "Whitstable",
    "Wick",
    "Widnes",
    "Wigan",
    "Wisbech",
    "Workington",
    "Wrexham",
    "Yarmouth",
    "York"
  ],
  "United_states": [
    "Adak",
    "Akutan",
    "Aladdin",
    "Alameda",
    "Alamogordo",
    "Algonac",
    "Allegan",
    "Alliance",
    "Almena",
    "Amsterdam",
    "Anacortes",
    "Anadarko",
    "Anaheim",
    "Anchorage",
    "Anchorville",
    "Angoon",
    "Apalachicola",
    "Appleton",
    "Archbold",
    "Arkansas City",
    "Ashburn",
    "Ash Grove",
    "Ashland",
    "Ashtabula",
    "Astatula",
    "Astoria",
    "Atlanta",
    "Atreco",
    "Avon Park",
    "Balboa",
    "Baltimore",
    "Bangor",
    "Barber's Point Harbor",
    "Bar Harbor",
    "Barrington",
    "Bartow",
    "Bassett",
    "Bastrop",
    "Bath",
    "Baton Rouge",
    "Battle Ground",
    "Bay City",
    "Bay Meadows",
    "Beaumont",
    "Beaverton",
    "Beecher Falls",
    "Belfast",
    "Bellaire",
    "Bell Bay",
    "Belle Fourche",
    "Belle Plaine",
    "Bellingham",
    "Benicia",
    "Bernalillo",
    "Berwick",
    "Bethel",
    "Big Sandy",
    "Billings",
    "Birmingham",
    "Blissfield",
    "Boca Grande",
    "Bonanza",
    "Boone",
    "Borger",
    "Everett",
    "Bradwood",
    "Brattleboro",
    "Brazil",
    "Bridgeport",
    "Bridgetown",
    "Bronx",
    "Brownsville",
    "Brownsville-Port Isabel",
    "Brownwood",
    "Brunswick",
    "Buckland",
    "Buena Park",
    "Buffalo",
    "Buras",
    "Burlington",
    "Burnet",
    "Burney",
    "Burns Harbor",
    "Burton",
    "Calexico",
    "Calumet City",
    "Camas-Washougal",
    "Cambridge",
    "Camden",
    "Campbellsburg",
    "Canandaigua",
    "Candor",
    "Cape Charles",
    "Carnegie",
    "Castle Island",
    "Castroville",
    "Catawba",
    "Cedar Hills",
    "Champion",
    "Champlain",
    "Charles City",
    "Charleston",
    "Charlevoix",
    "Chateaugay",
    "Chattahoochee",
    "Chattanooga",
    "Cheboygan",
    "Chicago",
    "Chicago Heights",
    "Chickasha",
    "Cincinnati",
    "Clarkston",
    "Clayton",
    "Clearwater",
    "Cleveland",
    "Colbert",
    "College Point",
    "Colon",
    "Colorado City",
    "Columbus",
    "Conneaut",
    "Constantine",
    "Coos Bay",
    "Corcoran",
    "Cordova",
    "Corpus Christi",
    "Corsicana",
    "Cottondale",
    "Crescent City",
    "Crockett",
    "Crossett",
    "Crowley",
    "Cumming",
    "Dallas",
    "Dawson",
    "Delano",
    "Delavan",
    "Delaware",
    "Delaware Bay",
    "Delaware City",
    "Delphi",
    "Del Rio",
    "Denver",
    "Des Moines",
    "Des Plaines",
    "Destrehan",
    "Detroit",
    "Detroit City",
    "Dickson",
    "Dillingham",
    "Dilworth",
    "Donaldson",
    "Drift River Marine Terminal",
    "Duluth-Superior",
    "Dunkirk",
    "Dunseith",
    "Du Quoin",
    "Dutch Harbor",
    "Eagle Pass",
    "Eastport Maine Usa",
    "East Saint Louis",
    "East Sandwich",
    "Eaton",
    "Eddystone",
    "Edgeley",
    "Edison",
    "El Capitan",
    "El Dorado",
    "Elizabeth",
    "Elk Grove Village",
    "Elkhorn",
    "Elko",
    "Elmhurst",
    "Elmira",
    "Elmwood Park",
    "El Segundo",
    "Eltopia",
    "El Toro",
    "Ely",
    "Emlenton",
    "Endeavor",
    "Erie",
    "Escanaba",
    "Etowah",
    "Eufaula",
    "Eugene",
    "Fabens",
    "Fairburn",
    "Fairport",
    "Fall River",
    "Fargo",
    "Fernandina Beach",
    "Ferndale",
    "Fillmore",
    "Findlay",
    "Fishersville",
    "Fitchburg",
    "Flint",
    "Florida",
    "Flower Mound",
    "Foley",
    "Fond Du Lac",
    "Forrest",
    "Fort Lauderdale",
    "Fort Mill",
    "Fort Smith",
    "Fort Wayne",
    "Fort Worth",
    "Fosston",
    "Freeport",
    "Frewsburg",
    "Frontier",
    "Gadsden",
    "Galion",
    "Gallup",
    "Galveston",
    "Gardiner",
    "Garfield",
    "Gaston",
    "George",
    "Georgetown",
    "Glen Dale",
    "Gloucester",
    "Golden Valley",
    "Gonzalez",
    "Good Hope",
    "Goodland",
    "Good Thunder",
    "Grand Blanc",
    "Grand Haven",
    "Grand Rapids",
    "Grays Harbor",
    "Grays River",
    "Great Lakes",
    "Green Bay",
    "Greenview",
    "Grove City",
    "Guam",
    "Gulfport",
    "Gustavus",
    "Hagerstown",
    "Haines",
    "Haleyville",
    "Hallandale",
    "Hamburg",
    "Hamlet",
    "Hampshire",
    "Hampton Roads",
    "Hansboro",
    "Hanska",
    "Hardwick",
    "Hatfield",
    "Hauppauge",
    "Havana",
    "Haverhill",
    "Hawthorne",
    "Hazelwood",
    "Hempstead",
    "High Point",
    "Hills",
    "Hillside",
    "Hiwassee",
    "Hoboken",
    "Hollis",
    "Home",
    "Homestead",
    "Honolulu",
    "Hooksett",
    "Hoonah",
    "Horseheads",
    "Hospers",
    "Houlton",
    "Houston",
    "Howey In The Hills",
    "Huntingdon",
    "Huntingdon Valley",
    "Huntington Beach",
    "Huntsville",
    "Huron",
    "Hyannis Harbor",
    "Hydaburg",
    "Hyrum",
    "Idabel",
    "Indianapolis",
    "Iowa City",
    "Island Falls",
    "Ithaca",
    "Iuka",
    "Jacksonville",
    "Jenison",
    "Jesup",
    "John F. Kennedy Apt/New York",
    "Jonesport",
    "Joshua",
    "Juda",
    "Kahului",
    "Kailua Kona",
    "Kake",
    "Kalama",
    "Kanawha",
    "Kane",
    "Kansas City",
    "Kawaihae",
    "Keansburg",
    "Kenai",
    "Kenansville",
    "Kennewick",
    "Kenosha",
    "Kenvil",
    "Kerhonkson",
    "Ketchikan",
    "Keyport",
    "King",
    "King Cove",
    "Kings Mountain",
    "Kingsport",
    "Klawock",
    "Kodiak",
    "Kotzebue",
    "Kouts",
    "Kulm",
    "La Guardia Apt/New York",
    "Laguna Beach",
    "Laguna Hills",
    "Lake Forest",
    "Lake Orion",
    "Lanark",
    "Landis",
    "Lapeer",
    "La Porte",
    "Laramie",
    "Laredo",
    "Las Vegas",
    "Laurier",
    "Lawrenceville",
    "Lawton",
    "Lenox",
    "Lewisburg",
    "Lewiston",
    "Libertyville",
    "Lilesville",
    "Lincolnton",
    "Linn",
    "Lisbon Falls",
    "Littleton",
    "Live Oak",
    "Liverpool",
    "Livonia",
    "Lockeford",
    "Lolita",
    "Long Beach",
    "Long Lake",
    "Longview",
    "Longwood",
    "Loop Terminal",
    "Lorain",
    "Los Alamitos",
    "Los Angeles",
    "Louisa",
    "Louisville",
    "Lukeville",
    "Lumber City",
    "Lyme",
    "Lynchburg",
    "Lynden",
    "Madawaska",
    "Madill",
    "Madison Heights",
    "Mahrt",
    "Malaga",
    "Manassas",
    "Mandan",
    "Manistee",
    "Manitowoc",
    "Manson",
    "Maple Hill",
    "Marcus Hook",
    "Marianna",
    "Marquette",
    "Marrero",
    "Martinez",
    "Massena",
    "Mattoon",
    "Mayo",
    "Meigs",
    "Mellville",
    "Melrose Park",
    "Melville",
    "Memphis",
    "Menominee",
    "Menomonee Falls",
    "Mentor",
    "Meridian",
    "Metairie",
    "Metlakatla",
    "Mexico",
    "Miami",
    "Michigan",
    "Middlesex",
    "Midlothian",
    "Millersville",
    "Millington",
    "Milwaukee",
    "Mingo",
    "Minneapolis/St Paul Apt",
    "Minot",
    "Mobile",
    "Monroe",
    "Montebello",
    "Monument",
    "Mora",
    "Morehead City",
    "Morgan City",
    "Morganton",
    "Morrill",
    "Morriston",
    "Morrisville",
    "Morrow",
    "Moselle",
    "Mosinee",
    "Moss Landing",
    "Moundville",
    "Mount Olive",
    "Muncie",
    "Muskegon",
    "Myerstown",
    "Myrtle Grove",
    "Naco",
    "Naknek",
    "Nantucket Harbor",
    "Naples",
    "Napoleon",
    "Nashville",
    "Navasota",
    "Nawiliwili",
    "Neah Bay",
    "Nenana",
    "Neoga",
    "Newark",
    "Newaygo",
    "Newbern",
    "Newberry",
    "New Britain",
    "New Franklin",
    "New Orleans",
    "New Philadelphia",
    "Newport",
    "Newport News",
    "Newport News Hampton",
    "New York",
    "New York Mills",
    "Nikiski",
    "Norfolk",
    "North",
    "North Adams",
    "Northborough",
    "Northbridge",
    "North Charleston",
    "North Lima",
    "North Pembroke",
    "North Prairie",
    "Oakhurst",
    "Oakland",
    "Oak Ridge",
    "Oberlin",
    "Odessa",
    "Ogdensburg",
    "Olive Branch",
    "Olympia",
    "Ontonagon",
    "Orange",
    "Orlando",
    "Oslo",
    "Ostrica",
    "Oswego",
    "Paducah",
    "Palmdale",
    "Panama City (Fl)",
    "Parlier",
    "Parsippany",
    "Parsons",
    "Pasadena",
    "Pascagoula",
    "Pasco",
    "Patterson",
    "Paulsboro",
    "Pearlington",
    "Pecos",
    "Peekskill",
    "Pelican",
    "Pellston",
    "Pembina",
    "Pennsauken",
    "Penns Grove",
    "Pensauken",
    "Philadelphia",
    "Phoenix",
    "Pinconning",
    "Pine Brook",
    "Pinson",
    "Pittsburg",
    "Pittsburgh",
    "Plaquemines",
    "Plymouth",
    "Port Allen",
    "Port Arthur",
    "Port Blakely",
    "Port Bolivar",
    "Port Canaveral",
    "Port Chester Harbor",
    "Port Elizabeth",
    "Port Everglades",
    "Port Fourchon",
    "Port Gamble",
    "Port Gibson",
    "Port Hadlock",
    "Port Hueneme",
    "Port Huron",
    "Port Jefferson",
    "Portland",
    "Portland (Me)",
    "Port Lavaca",
    "Port Ludlow",
    "Port Manatee",
    "Port Newark",
    "Port Orange",
    "Port Orchard",
    "Port Reading",
    "Port Royal",
    "Port Saint Joe",
    "Port San Luis",
    "Portsmouth",
    "Port St Joe",
    "Port Sulphur",
    "Port Townsend",
    "Port Washington",
    "Port Wentworth",
    "Presidio",
    "Presque Isle",
    "Provincetown",
    "Racine",
    "Rapid City",
    "Raymondville",
    "Red Dog",
    "Redwood City",
    "Reedsburg",
    "Reedville",
    "Reidsville",
    "Reunion",
    "Revere",
    "Richardton",
    "Richmond",
    "Ridgeville",
    "Riverhead Terminal",
    "Riverview",
    "Rochester",
    "Rockland",
    "Rocky Mount",
    "Rome",
    "Roseau",
    "Rosendale",
    "Sabina",
    "Sabine",
    "Sacramento",
    "Saint Cloud",
    "Saint Petersburg",
    "Salem",
    "Salida",
    "Salt Lake City",
    "San Antonio",
    "Sanderson",
    "San Diego",
    "Sand Point",
    "Sandwich",
    "San Francisco",
    "Santa Barbara",
    "Santa Clarita",
    "Sapulpa",
    "Sarasota",
    "Sasabe",
    "Savage",
    "Savannah",
    "Scotland Neck",
    "Seagoville",
    "Seattle (Wa)",
    "Selby",
    "Seldovia",
    "Sergeant Bluff",
    "Seward",
    "Sewells Point",
    "Sheboygan Falls",
    "Shelton",
    "Sims",
    "Sitka",
    "Skagway",
    "South Charleston",
    "Southgate",
    "South Kearny",
    "Sparks",
    "Sparrows Point",
    "Springdale",
    "Spruce Pine",
    "Stafford",
    "Stamford Harbor",
    "Stamps",
    "St George",
    "St Helens",
    "St Louis",
    "St Michael",
    "Stockton",
    "Stoneham",
    "Stoughton",
    "Stow",
    "St Paul",
    "St Petersburg",
    "St. Petersburg",
    "Strasburg",
    "Streator",
    "Stryker",
    "Sulligent",
    "Sunny Point Terminal",
    "Sutherlin",
    "Tabor City",
    "Tacoma",
    "Taconite Harbor",
    "Talladega",
    "Tallapoosa",
    "Tama",
    "Tampa",
    "Tecate",
    "Texas City",
    "Thorne Bay",
    "Three Forks",
    "Toledo",
    "Trainer",
    "Trout River",
    "Tryon",
    "Tucker",
    "Tucson",
    "Tulsa",
    "Turkey",
    "Tuscumbia",
    "Tyler",
    "Umatilla",
    "Vancouver",
    "Veblen",
    "Venice",
    "Vernon Hills",
    "Waddington",
    "Wadesboro",
    "Walhalla",
    "Walla Walla",
    "Walnut Grove",
    "Walpole",
    "Walworth",
    "Waukegan",
    "Wellsburg",
    "Wendover",
    "West Chicago",
    "West Groton",
    "Whittier",
    "Wichita Falls",
    "Wilburton",
    "Willapa",
    "Willcox",
    "Williamson",
    "Willow",
    "Wilmington",
    "Winston Salem",
    "Winterport",
    "Woodbridge",
    "Wood-Ridge",
    "Wrangell",
    "Wyandotte",
    "Wytheville",
    "Yakutat",
    "Yarmouth",
    "Yorktown",
    "Yuma",
    "Zeeland"
  ],
  "United_states_minor_outlying_islands": [
    "Wake Island"
  ],
  "Uruguay": [
    "Colonia",
    "Fray Bentos",
    "Jose Ignacio Terminal",
    "La Paloma",
    "Montevideo",
    "Punta del Este"
  ],
  "Us_virgin_islands": [
    "Charlotte Amalie",
    "Christiansted, St. Croix",
    "Limetree Bay",
    "Port Alucroix"
  ],
  "Vanuatu": [
    "Port Vila",
    "Santo"
  ],
  "Venezuela": [
    "Amuay",
    "Araya",
    "Bajo Grande Refinery",
    "Cabimas/Maracaibo L",
    "Carupano",
    "Chichiriviche",
    "Ciudad Bolivar",
    "Coloncha",
    "Cumana",
    "El Chaure",
    "El Guamache",
    "El Palito",
    "El Tablazo/Maracaibo",
    "Guanta",
    "Guaraguao",
    "Guaranao Bay",
    "Guiria",
    "La Ceiba",
    "La Estacada",
    "La Guaira",
    "Maracaibo",
    "Matanzas",
    "Palua",
    "Pamatacual",
    "Paradero",
    "Pertigalete",
    "Puerto Cabello",
    "Puerto de Hierro",
    "Puerto Sucre",
    "Punta Camacho",
    "Punta Cardon",
    "Punta Cuchillo",
    "Punta de Palmas",
    "San Felix",
    "San Lorenzo"
  ],
  "Vietnam": [
    "Binh Duong Port",
    "Cai Lan",
    "Cai Mep",
    "Campha",
    "Can Tho",
    "Danang",
    "Da Nang",
    "Dong Nai Port",
    "Dong Thap",
    "Haiphong",
    "Hanoi",
    "Ho Chi Minh City",
    "Hon Chong",
    "Hon Gay",
    "My Tho",
    "Nghe Tinh",
    "Nha Trang",
    "Phu My",
    "Quy Nhon",
    "Tan Cang",
    "Vung Tau"
  ],
  "Yemen": [
    "Aden",
    "Hodeidah",
    "Mokha",
    "Mukalla",
    "Nishtun",
    "Ras Isa Marine Terminal",
    "Saleef Port"
  ],
  "Zimbabwe": [
    "Harare"
  ]
}